# E_low [keV], E_up [keV], diff. flux [photons/s/cm^2/keV]
1.000000000000000056e-01,1.006931668851804157e-01,1.152412617647099319e-01
1.006931668851804157e-01,1.013911385736679382e-01,5.440866194277775847e-01
1.013911385736679382e-01,1.020939483707680034e-01,1.524492286639947680e-01
1.020939483707680034e-01,1.028016298126473577e-01,1.197124175178877759e-01
1.028016298126473577e-01,1.035142166679343806e-01,1.947000658302713849e-01
1.035142166679343806e-01,1.042317429393304212e-01,4.535136847564658624e-01
1.042317429393304212e-01,1.049542428652322362e-01,5.058904155064434249e-01
1.049542428652322362e-01,1.056817509213658496e-01,2.725960349339289657e+00
1.056817509213658496e-01,1.064143018224316117e-01,2.164702106015731486e-01
1.064143018224316117e-01,1.071519305237606523e-01,1.065569634936741200e-01
1.071519305237606523e-01,1.078946722229828792e-01,1.106949332941196684e-01
1.078946722229828792e-01,1.086425623617065517e-01,5.323092650003669046e-01
1.086425623617065517e-01,1.093956366272093861e-01,1.492768579724569611e-01
1.093956366272093861e-01,1.101539309541415129e-01,1.071546459098337428e-01
1.101539309541415129e-01,1.109174815262401192e-01,2.529817854145423039e-01
1.109174815262401192e-01,1.116863247780561230e-01,1.379659534499509677e-01
1.116863247780561230e-01,1.124604973966926574e-01,1.509498696729414113e-01
1.124604973966926574e-01,1.132400363235557122e-01,1.109834310140799807e-01
1.132400363235557122e-01,1.140249787561168765e-01,3.610662114054718486e-01
1.140249787561168765e-01,1.148153621496882937e-01,1.642783629091589814e-01
1.148153621496882937e-01,1.156112242192098710e-01,1.043122140574829354e-01
1.156112242192098710e-01,1.164126029410491453e-01,1.327077320046964881e-01
1.164126029410491453e-01,1.172195365548130280e-01,9.815869087774209412e-02
1.172195365548130280e-01,1.180320635651729844e-01,9.509890982787687352e-02
1.180320635651729844e-01,1.188502227437018277e-01,1.283490478890622066e-01
1.188502227437018277e-01,1.196740531307243366e-01,1.270270125473099698e-01
1.196740531307243366e-01,1.205035940371797371e-01,1.080250082168993653e-01
1.205035940371797371e-01,1.213388850464977159e-01,3.862302536594077185e-01
1.213388850464977159e-01,1.221799660164871737e-01,1.543342590868520270e-01
1.221799660164871737e-01,1.230268770812381479e-01,1.474981558228619372e-01
1.230268770812381479e-01,1.238796586530369059e-01,9.134016155778512669e-02
1.238796586530369059e-01,1.247383514242942915e-01,9.258508433960055406e-02
1.247383514242942915e-01,1.256029963694874907e-01,1.054600590425482792e-01
1.256029963694874907e-01,1.264736347471151212e-01,1.876067447794152743e-01
1.264736347471151212e-01,1.273503081016661709e-01,8.530362077296092804e-02
1.273503081016661709e-01,1.282330582656021345e-01,9.099453587337098803e-02
1.282330582656021345e-01,1.291219273613534169e-01,1.066118648945822700e-01
1.291219273613534169e-01,1.300169578033290307e-01,8.849687575284921615e-02
1.300169578033290307e-01,1.309181922999407000e-01,9.195799920519080739e-02
1.309181922999407000e-01,1.318256738556407015e-01,1.919812679446605275e-01
1.318256738556407015e-01,1.327394457729739463e-01,8.137351570582181115e-02
1.327394457729739463e-01,1.336595516546442153e-01,8.329964289102544106e-02
1.336595516546442153e-01,1.345860354055948283e-01,9.895284231390723273e-02
1.345860354055948283e-01,1.355189412351036071e-01,1.205695591407760642e-01
1.355189412351036071e-01,1.364583136588924661e-01,1.040341765422058834e-01
1.364583136588924661e-01,1.374041975012515182e-01,7.813865748729628691e-02
1.374041975012515182e-01,1.383566378971780864e-01,7.648116662103145169e-02
1.383566378971780864e-01,1.393156802945303141e-01,8.435241817703119371e-02
1.393156802945303141e-01,1.402813704561958197e-01,1.719796385492042001e-01
1.402813704561958197e-01,1.412537544622754493e-01,8.542443391009832410e-02
1.412537544622754493e-01,1.422328787122819904e-01,7.405405655022093137e-02
1.422328787122819904e-01,1.432187899273543452e-01,7.307265439013509167e-02
1.432187899273543452e-01,1.442115351524868860e-01,7.248746320699228640e-02
1.442115351524868860e-01,1.452111617587742431e-01,7.137290060869121155e-02
1.452111617587742431e-01,1.462177174456718298e-01,7.098035906743904722e-02
1.462177174456718298e-01,1.472312502432719106e-01,7.364334138323891388e-02
1.472312502432719106e-01,1.482518085145953790e-01,7.496583746932174164e-02
1.482518085145953790e-01,1.492794409578996340e-01,8.268498853278277716e-02
1.492794409578996340e-01,1.503141966090022486e-01,6.834770479652374497e-02
1.503141966090022486e-01,1.513561248436207929e-01,7.011068589352979774e-02
1.513561248436207929e-01,1.524052753797291437e-01,6.917182943583315147e-02
1.524052753797291437e-01,1.534616982799294205e-01,7.010680482158965221e-02
1.534616982799294205e-01,1.545254439538414071e-01,6.832185271903887247e-02
1.545254439538414071e-01,1.555965631605074340e-01,6.560940190644248826e-02
1.555965631605074340e-01,1.566751070108149402e-01,6.598242546173989365e-02
1.566751070108149402e-01,1.577611269699348562e-01,6.451553377999781624e-02
1.577611269699348562e-01,1.588546748597779168e-01,6.440000060500343515e-02
1.588546748597779168e-01,1.599558028614668781e-01,6.415145653606621479e-02
1.599558028614668781e-01,1.610645635178270807e-01,6.293629047156210077e-02
1.610645635178270807e-01,1.621810097358929725e-01,6.764487003925946651e-02
1.621810097358929725e-01,1.633051947894334222e-01,7.120914915610825069e-02
1.633051947894334222e-01,1.644371723214931580e-01,6.132696143201481903e-02
1.644371723214931580e-01,1.655769963469528039e-01,6.210887804056947070e-02
1.655769963469528039e-01,1.667247212551062618e-01,5.915964936926897122e-02
1.667247212551062618e-01,1.678804018122560249e-01,5.891328778523406695e-02
1.678804018122560249e-01,1.690440931643264200e-01,6.095085853085233790e-02
1.690440931643264200e-01,1.702158508394950587e-01,5.770143065303639379e-02
1.702158508394950587e-01,1.713957307508425232e-01,5.692294700401524105e-02
1.713957307508425232e-01,1.725837891990203432e-01,5.701479026499410574e-02
1.725837891990203432e-01,1.737800828749375415e-01,5.783289032555180564e-02
1.737800828749375415e-01,1.749846688624656921e-01,5.750794734370852368e-02
1.749846688624656921e-01,1.761976046411629082e-01,5.875032267121032409e-02
1.761976046411629082e-01,1.774189480890165649e-01,5.471574907372488833e-02
1.774189480890165649e-01,1.786487574852050619e-01,5.457217378266072255e-02
1.786487574852050619e-01,1.798870915128787940e-01,5.394164702202366296e-02
1.798870915128787940e-01,1.811340092619602438e-01,5.349052098680168177e-02
1.811340092619602438e-01,1.823895702319637824e-01,5.533549158676044633e-02
1.823895702319637824e-01,1.836538343348346480e-01,5.300057766105772949e-02
1.836538343348346480e-01,1.849268618978078260e-01,5.182208229521666903e-02
1.849268618978078260e-01,1.862087136662867459e-01,5.168487252761439638e-02
1.862087136662867459e-01,1.874994508067418797e-01,5.155250852360793168e-02
1.874994508067418797e-01,1.887991349096293514e-01,5.654432334215167555e-02
1.887991349096293514e-01,1.901078279923300030e-01,5.187043292902068087e-02
1.901078279923300030e-01,1.914255925021085825e-01,4.988665272175408366e-02
1.914255925021085825e-01,1.927524913190936107e-01,5.023552599227596588e-02
1.927524913190936107e-01,1.940885877592778419e-01,4.996662948073990473e-02
1.940885877592778419e-01,1.954339455775394307e-01,4.858419513480681518e-02
1.954339455775394307e-01,1.967886289706844982e-01,4.788803760671068305e-02
1.967886289706844982e-01,1.981527025805097930e-01,4.712351224837470209e-02
1.981527025805097930e-01,1.995262314968879735e-01,4.748502955126213815e-02
1.995262314968879735e-01,2.009092812608727907e-01,4.641812537960525453e-02
2.009092812608727907e-01,2.023019178678271968e-01,4.580898425840775057e-02
2.023019178678271968e-01,2.037042077705717991e-01,4.610475072457518447e-02
2.037042077705717991e-01,2.051162178825565729e-01,4.499208663150849191e-02
2.051162178825565729e-01,2.065380155810529195e-01,4.495100914211856702e-02
2.065380155810529195e-01,2.079696687103695929e-01,4.420511741998824073e-02
2.079696687103695929e-01,2.094112455850892507e-01,4.411454477048443179e-02
2.094112455850892507e-01,2.108628149933289841e-01,4.379801945047498424e-02
2.108628149933289841e-01,2.123244462000219157e-01,4.299166168484087197e-02
2.123244462000219157e-01,2.137962089502232488e-01,4.365399650174273810e-02
2.137962089502232488e-01,2.152781734724372731e-01,4.273021446197237255e-02
2.152781734724372731e-01,2.167704104819695166e-01,4.177099404694904067e-02
2.167704104819695166e-01,2.182729911843001303e-01,4.189966526918006973e-02
2.182729911843001303e-01,2.197859872784825308e-01,4.113908684226586648e-02
2.197859872784825308e-01,2.213094709605637478e-01,4.065219579779343756e-02
2.213094709605637478e-01,2.228435149270304172e-01,4.075228162024973483e-02
2.228435149270304172e-01,2.243881923782766186e-01,4.030256483591794503e-02
2.243881923782766186e-01,2.259435770220977469e-01,3.994875975181622074e-02
2.259435770220977469e-01,2.275097430772070606e-01,4.025686646689567716e-02
2.275097430772070606e-01,2.290867652767772933e-01,4.690982675369273491e-02
2.290867652767772933e-01,2.306747188720069119e-01,3.907568573986628518e-02
2.306747188720069119e-01,2.322736796357106892e-01,3.907133718318550608e-02
2.322736796357106892e-01,2.338837238659354778e-01,3.963750495186861567e-02
2.338837238659354778e-01,2.355049283896009649e-01,3.860456690143288655e-02
2.355049283896009649e-01,2.371373705661655173e-01,3.799487838204577278e-02
2.371373705661655173e-01,2.387811282913177569e-01,3.743039252773671527e-02
2.387811282913177569e-01,2.404362800006933365e-01,3.651696178609124821e-02
2.404362800006933365e-01,2.421029046736178081e-01,3.668922844344620765e-02
2.421029046736178081e-01,2.437810818368752463e-01,3.633612137796580349e-02
2.437810818368752463e-01,2.454708915685030468e-01,3.660720006646752539e-02
2.454708915685030468e-01,2.471724145016130358e-01,3.576698160087021794e-02
2.471724145016130358e-01,2.488857318282390874e-01,3.590984072107339387e-02
2.488857318282390874e-01,2.506109253032113848e-01,3.651584940803812018e-02
2.506109253032113848e-01,2.523480772480574674e-01,3.574472617503211130e-02
2.523480772480574674e-01,2.540972705549305322e-01,3.563272402428789565e-02
2.540972705549305322e-01,2.558585886905646034e-01,3.592710265496881078e-02
2.558585886905646034e-01,2.576321157002575690e-01,3.458275022473094457e-02
2.576321157002575690e-01,2.594179362118814169e-01,3.391588407646739523e-02
2.594179362118814169e-01,2.612161354399206714e-01,3.343464062930816272e-02
2.612161354399206714e-01,2.630267991895381408e-01,3.273040918559957241e-02
2.630267991895381408e-01,2.648500138606700860e-01,3.326031060306526566e-02
2.648500138606700860e-01,2.666858664521479239e-01,3.310075782396348920e-02
2.666858664521479239e-01,2.685344445658507384e-01,3.177072834246800342e-02
2.685344445658507384e-01,2.703958364108843271e-01,3.488428843900771847e-02
2.703958364108843271e-01,2.722701308077912774e-01,3.576216348057884714e-02
2.722701308077912774e-01,2.741574171927882442e-01,3.092805781830245890e-02
2.741574171927882442e-01,2.760577856220346460e-01,3.045666409163018742e-02
2.760577856220346460e-01,2.779713267759288398e-01,3.030890443752684918e-02
2.779713267759288398e-01,2.798981319634363252e-01,3.821229459880550600e-02
2.798981319634363252e-01,2.818382931264453717e-01,3.429153951809620071e-02
2.818382931264453717e-01,2.837919028441556746e-01,3.112082927128183643e-02
2.837919028441556746e-01,2.857590543374946557e-01,3.274976624160148148e-02
2.857590543374946557e-01,2.877398414735669596e-01,2.994742988405244000e-02
2.877398414735669596e-01,2.897343587701322609e-01,2.965283765654356390e-02
2.897343587701322609e-01,2.917427014001167662e-01,2.861508653892416015e-02
2.917427014001167662e-01,2.937649651961530828e-01,2.805641964508612252e-02
2.937649651961530828e-01,2.958012466551546704e-01,2.783971640085633123e-02
2.958012466551546704e-01,2.978516429429189372e-01,2.813415567631919259e-02
2.978516429429189372e-01,2.999162518987651405e-01,2.833628535231794837e-02
2.999162518987651405e-01,3.019951720402015982e-01,3.733054575815297760e-02
3.019951720402015982e-01,3.040885025676279274e-01,3.153837857751570772e-02
3.040885025676279274e-01,3.061963433690677028e-01,3.162085253427850129e-02
3.061963433690677028e-01,3.083187950249354214e-01,3.006955782141498140e-02
3.083187950249354214e-01,3.104559588128355530e-01,2.794135085310813990e-02
3.104559588128355530e-01,3.126079367123955066e-01,2.641355459320551477e-02
3.126079367123955066e-01,3.147748314101315725e-01,2.696778886637999154e-02
3.147748314101315725e-01,3.169567463043491129e-01,2.664747453803609917e-02
3.169567463043491129e-01,3.191537855100761711e-01,2.656678291655638000e-02
3.191537855100761711e-01,3.213660538640317199e-01,2.674757718500536327e-02
3.213660538640317199e-01,3.235936569296282705e-01,2.529174431373559101e-02
3.235936569296282705e-01,3.258367010020087884e-01,2.562234250748966075e-02
3.258367010020087884e-01,3.280952931131190242e-01,2.994902493968190985e-02
3.280952931131190242e-01,3.303695410368148178e-01,2.628362617908201748e-02
3.303695410368148178e-01,3.326595532940045397e-01,2.954193501495598964e-02
3.326595532940045397e-01,3.349654391578276713e-01,2.496110368038313362e-02
3.349654391578276713e-01,3.372873086588689118e-01,2.482684842931023525e-02
3.372873086588689118e-01,3.396252725904084224e-01,2.663716046321908115e-02
3.396252725904084224e-01,3.419794425137088756e-01,2.304674648720941160e-02
3.419794425137088756e-01,3.443499307633385298e-01,2.335065725523119071e-02
3.443499307633385298e-01,3.467368504525316641e-01,2.694925749216829300e-02
3.467368504525316641e-01,3.491403154785861496e-01,2.388278933750866834e-02
3.491403154785861496e-01,3.515604405282981570e-01,2.816781146672611702e-02
3.515604405282981570e-01,3.539973410834347245e-01,2.500318572064821540e-02
3.539973410834347245e-01,3.564511334262442932e-01,2.497739692443971468e-02
3.564511334262442932e-01,3.589219346450052694e-01,2.547546346388691527e-02
3.589219346450052694e-01,3.614098626396133329e-01,2.363695613704953555e-02
3.614098626396133329e-01,3.639150361272071588e-01,2.128579713507173371e-02
3.639150361272071588e-01,3.664375746478333307e-01,4.261080349671307610e-02
3.664375746478333307e-01,3.689775985701503891e-01,2.934152739847553995e-02
3.689775985701503891e-01,3.715352290971725702e-01,2.958176595700767048e-02
3.715352290971725702e-01,3.741105882720534015e-01,2.100577199412402563e-02
3.741105882720534015e-01,3.767037989839089329e-01,2.307679311190295041e-02
3.767037989839089329e-01,3.793149849736818791e-01,3.092602053690888045e-02
3.793149849736818791e-01,3.819442708400465070e-01,3.305986108013671265e-02
3.819442708400465070e-01,3.845917820453535474e-01,1.914497645459259725e-02
3.845917820453535474e-01,3.872576449216171834e-01,2.390980642066049822e-02
3.872576449216171834e-01,3.899419866765433951e-01,1.835518098746604862e-02
3.899419866765433951e-01,3.926449353995998259e-01,1.954994889020171198e-02
3.926449353995998259e-01,3.953666200681278942e-01,1.843525566009033764e-02
3.953666200681278942e-01,3.981071705534972027e-01,1.943596648429786120e-02
3.981071705534972027e-01,4.008667176273028043e-01,1.888680099611833932e-02
4.008667176273028043e-01,4.036453929676049324e-01,1.965035783535049041e-02
4.036453929676049324e-01,4.064433291652127522e-01,2.953441542165045203e-02
4.064433291652127522e-01,4.092606597300108562e-01,1.719132157595346100e-02
4.092606597300108562e-01,4.120975190973302227e-01,1.698360297192115509e-02
4.120975190973302227e-01,4.149540426343629185e-01,1.679945683040994994e-02
4.149540426343629185e-01,4.178303666466217647e-01,1.682834424463321502e-02
4.178303666466217647e-01,4.207266283844440791e-01,1.753317747076420588e-02
4.207266283844440791e-01,4.236429660495411031e-01,1.682299224974305452e-02
4.236429660495411031e-01,4.265795188015926720e-01,1.693979229176247395e-02
4.265795188015926720e-01,4.295364267648872914e-01,1.665211318836386928e-02
4.295364267648872914e-01,4.325138310350087334e-01,1.610717333068854493e-02
4.325138310350087334e-01,4.355118736855685957e-01,2.005796530953517925e-02
4.355118736855685957e-01,4.385306977749857116e-01,1.662007721694474735e-02
4.385306977749857116e-01,4.415704473533125229e-01,1.584247957217877270e-02
4.415704473533125229e-01,4.446312674691086930e-01,1.608267385334143790e-02
4.446312674691086930e-01,4.477133041763625698e-01,1.509378397531448146e-02
4.477133041763625698e-01,4.508167045414601670e-01,1.677274434603372860e-02
4.508167045414601670e-01,4.539416166502032168e-01,1.525253972456383673e-02
4.539416166502032168e-01,4.570881896148750734e-01,1.505321331308184796e-02
4.570881896148750734e-01,4.602565735813560766e-01,1.554921349977732639e-02
4.602565735813560766e-01,4.634469197362880433e-01,1.432173784625112752e-02
4.634469197362880433e-01,4.666593803142886632e-01,1.438196340287444322e-02
4.666593803142886632e-01,4.698941086052154659e-01,1.473260150803078726e-02
4.698941086052154659e-01,4.731512589614805253e-01,1.409161901076833381e-02
4.731512589614805253e-01,4.764309868054157349e-01,1.427572211034220349e-02
4.764309868054157349e-01,4.797334486366891526e-01,1.506767536895750430e-02
4.797334486366891526e-01,4.830588020397726945e-01,1.627866975035782704e-02
4.830588020397726945e-01,4.864072056914616748e-01,1.473457624956510045e-02
4.864072056914616748e-01,4.897788193684462499e-01,1.352774749141226820e-02
4.897788193684462499e-01,4.931738039549359298e-01,1.353218122986444769e-02
4.931738039549359298e-01,4.965923214503361605e-01,1.654167744293564418e-02
4.965923214503361605e-01,5.000345349769785841e-01,2.535118989233284617e-02
5.000345349769785841e-01,5.035006087879049241e-01,1.299007577592814835e-02
5.035006087879049241e-01,5.069907082747042715e-01,1.318929962793045224e-02
5.069907082747042715e-01,5.105049999754062151e-01,1.378837727005462546e-02
5.105049999754062151e-01,5.140436515824260422e-01,1.318810423197905313e-02
5.140436515824260422e-01,5.176068319505676696e-01,1.248353421737673045e-02
5.176068319505676696e-01,5.211947111050804216e-01,1.359046645379963399e-02
5.211947111050804216e-01,5.248074602497725394e-01,1.364995253264624647e-02
5.248074602497725394e-01,5.284452517751804246e-01,1.461934437807972491e-02
5.284452517751804246e-01,5.321082592667941702e-01,1.229062156307147470e-02
5.321082592667941702e-01,5.357966575133416010e-01,1.171227393569096269e-02
5.357966575133416010e-01,5.395106225151276025e-01,1.273855888403092190e-02
5.395106225151276025e-01,5.432503314924331805e-01,1.120646295182200526e-02
5.432503314924331805e-01,5.470159628939715857e-01,1.139337472152492786e-02
5.470159628939715857e-01,5.508076964054033908e-01,1.096146137823805419e-02
5.508076964054033908e-01,5.546257129579107437e-01,1.136070957958484548e-02
5.546257129579107437e-01,5.584701947368307939e-01,1.370462424584059126e-02
5.584701947368307939e-01,5.623413251903490728e-01,1.219233451335703135e-02
5.623413251903490728e-01,5.662392890382532684e-01,1.088051366049738906e-02
5.662392890382532684e-01,5.701642722807475083e-01,1.099858757568769607e-02
5.701642722807475083e-01,5.741164622073275936e-01,1.142396749081213414e-02
5.741164622073275936e-01,5.780960474057180720e-01,1.096324364777186318e-02
5.780960474057180720e-01,5.821032177708714839e-01,1.018859322360978793e-02
5.821032177708714839e-01,5.861381645140287810e-01,1.096899877961234060e-02
5.861381645140287810e-01,5.902010801718443611e-01,9.647299545704207321e-03
5.902010801718443611e-01,5.942921586155727187e-01,1.109233766608162634e-02
5.942921586155727187e-01,5.984115950603197120e-01,1.024902061986188509e-02
5.984115950603197120e-01,6.025595860743577781e-01,1.013795059460399425e-02
6.025595860743577781e-01,6.067363295885054297e-01,9.540116666512173105e-03
6.067363295885054297e-01,6.109420249055720342e-01,1.129233919837846316e-02
6.109420249055720342e-01,6.151768727098682055e-01,9.179763384193869932e-03
6.151768727098682055e-01,6.194410750767814777e-01,1.006317580828266708e-02
6.194410750767814777e-01,6.237348354824192587e-01,9.786113342814074800e-03
6.237348354824192587e-01,6.280583588133179518e-01,1.233160229177099679e-02
6.280583588133179518e-01,6.324118513762194693e-01,1.143153266865462939e-02
6.324118513762194693e-01,6.367955209079159129e-01,8.626760850601298408e-03
6.367955209079159129e-01,6.412095765851616447e-01,8.754845604693252750e-03
6.412095765851616447e-01,6.456542290346556356e-01,8.333827865833915230e-03
6.456542290346556356e-01,6.501296903430907603e-01,8.596230734914377461e-03
6.501296903430907603e-01,6.546361740672750340e-01,7.065897646624313966e-02
6.546361740672750340e-01,6.591738952443214616e-01,9.887346203567770261e-03
6.591738952443214616e-01,6.637430704019089411e-01,1.172446509650427321e-02
6.637430704019089411e-01,6.683439175686146649e-01,8.284865622901911239e-03
6.683439175686146649e-01,6.729766562843179090e-01,8.043167569398719519e-03
6.729766562843179090e-01,6.776415076106752089e-01,8.099048528406033523e-03
6.776415076106752089e-01,6.823386941416695883e-01,7.689714420298725782e-03
6.823386941416695883e-01,6.870684400142320625e-01,7.607221678142697327e-03
6.870684400142320625e-01,6.918309709189364165e-01,7.476369233046905628e-03
6.918309709189364165e-01,6.966265141107687020e-01,8.057682707337291209e-03
6.966265141107687020e-01,7.014552984199712293e-01,9.309093108327374036e-03
7.014552984199712293e-01,7.063175542629619441e-01,7.225005355369015086e-03
7.063175542629619441e-01,7.112135136533289659e-01,7.486189718850449516e-03
7.112135136533289659e-01,7.161434102129019541e-01,7.316301456415888471e-03
7.161434102129019541e-01,7.211074791828996355e-01,6.985958438787466876e-03
7.211074791828996355e-01,7.261059574351547141e-01,1.204567314997560638e-02
7.261059574351547141e-01,7.311390834834173846e-01,7.100993379073897160e-03
7.311390834834173846e-01,7.362070974947361179e-01,9.035577880485338650e-03
7.362070974947361179e-01,7.413102413009174940e-01,7.199819890567330481e-03
7.413102413009174940e-01,7.464487584100665263e-01,6.639588614682311214e-03
7.464487584100665263e-01,7.516228940182054785e-01,6.560500003988674333e-03
7.516228940182054785e-01,7.568328950209743944e-01,7.172217430987437407e-03
7.568328950209743944e-01,7.620790100254120070e-01,7.861061720607036632e-03
7.620790100254120070e-01,7.673614893618189159e-01,9.838485815572894921e-03
7.673614893618189159e-01,7.726805850957023658e-01,1.985777255073944286e-02
7.726805850957023658e-01,7.780365510398040696e-01,7.523459206783230865e-03
7.780365510398040696e-01,7.834296427662118534e-01,7.603020284382797089e-03
7.834296427662118534e-01,7.888601176185544572e-01,6.049090602139845819e-03
7.888601176185544572e-01,7.943282347242814900e-01,7.753854575163469931e-03
7.943282347242814900e-01,7.998342550070284274e-01,6.865378155373699255e-03
7.998342550070284274e-01,8.053784411990666525e-01,7.073503487079847024e-03
8.053784411990666525e-01,8.109610578538408721e-01,7.472305874482684449e-03
8.109610578538408721e-01,8.165823713585924626e-01,1.095254846561376921e-02
8.165823713585924626e-01,8.222426499470711914e-01,8.417898689200811052e-03
8.222426499470711914e-01,8.279421637123342004e-01,1.157007992001789914e-02
8.279421637123342004e-01,8.336811846196343634e-01,9.584895925719726095e-03
8.336811846196343634e-01,8.394599865193974608e-01,8.527894545114931765e-03
8.394599865193974608e-01,8.452788451602899489e-01,8.932330726707089080e-03
8.452788451602899489e-01,8.511380382023765456e-01,8.430380474436144356e-03
8.511380382023765456e-01,8.570378452303697436e-01,8.812919875346165999e-03
8.570378452303697436e-01,8.629785477669703608e-01,9.157716201616698803e-03
8.629785477669703608e-01,8.689604292863019053e-01,1.524799681835425566e-02
8.689604292863019053e-01,8.749837752274362002e-01,6.844348549754320291e-03
8.749837752274362002e-01,8.810488730080142661e-01,9.580457593117682261e-03
8.810488730080142661e-01,8.871560120379610170e-01,1.122231071125675411e-02
8.871560120379610170e-01,8.933054837332954357e-01,7.776101560090936844e-03
8.933054837332954357e-01,8.994975815300353394e-01,9.909610892012069364e-03
8.994975815300353394e-01,9.057326008982002907e-01,9.863033424576761118e-03
9.057326008982002907e-01,9.120108393559096527e-01,8.444607495673554093e-03
9.120108393559096527e-01,9.183325964835807875e-01,2.238375211468908096e-02
9.183325964835807875e-01,9.246981739382225118e-01,9.891277264611829378e-03
9.246981739382225118e-01,9.311078754678302483e-01,8.649189744387622558e-03
9.311078754678302483e-01,9.375620069258802092e-01,1.376395677523396983e-02
9.375620069258802092e-01,9.440608762859232783e-01,9.814998308177684885e-03
9.440608762859232783e-01,9.506047936562814771e-01,1.134507962568370026e-02
9.506047936562814771e-01,9.571940712948443508e-01,1.426348124011970857e-02
9.571940712948443508e-01,9.638290236239704933e-01,2.267508402878698828e-02
9.638290236239704933e-01,9.705099672454896576e-01,1.507894420344062410e-02
9.705099672454896576e-01,9.772372209558106704e-01,8.821836328821146961e-03
9.772372209558106704e-01,9.840111057611337086e-01,8.680364981604625149e-03
9.840111057611337086e-01,9.908319448927676021e-01,1.130813270286772261e-02
9.908319448927676021e-01,9.977000638225532736e-01,1.630103557641309278e-02
9.977000638225532736e-01,1.004615790278395204e+00,1.160691945313294636e-02
1.004615790278395204e+00,1.011579454259898814e+00,3.239954635235333530e-02
1.011579454259898814e+00,1.018591388054116864e+00,4.042456592694690376e-02
1.018591388054116864e+00,1.025651926251407886e+00,1.060903208988867030e-02
1.025651926251407886e+00,1.032761405761397411e+00,1.288889169761722915e-02
1.032761405761397411e+00,1.039920165829059551e+00,1.334353210576723174e-02
1.039920165829059551e+00,1.047128548050899610e+00,1.161946408086029885e-02
1.047128548050899610e+00,1.054386896391259265e+00,6.603346361749923288e-02
1.054386896391259265e+00,1.061695557198724771e+00,7.810305496449783218e-03
1.061695557198724771e+00,1.069054879222657739e+00,7.223855521598430626e-03
1.069054879222657739e+00,1.076465213629834938e+00,1.174240210435976463e-02
1.076465213629834938e+00,1.083926914021203336e+00,2.565795266088522278e-02
1.083926914021203336e+00,1.091440336448756598e+00,8.551412154224925788e-03
1.091440336448756598e+00,1.099005839432520837e+00,1.100288592286235295e-02
1.099005839432520837e+00,1.106623783977666475e+00,3.177030080459375405e-02
1.106623783977666475e+00,1.114294533591729808e+00,4.765304952391205551e-03
1.114294533591729808e+00,1.122018454301963564e+00,2.723275462401485852e-02
1.122018454301963564e+00,1.129795914672797608e+00,2.174903851853362061e-02
1.129795914672797608e+00,1.137627285823431089e+00,4.876240989022840623e-03
1.137627285823431089e+00,1.145512941445535393e+00,5.048426334947210548e-03
1.145512941445535393e+00,1.153453257821092315e+00,5.340944408182233920e-03
1.153453257821092315e+00,1.161448613840342592e+00,1.231511838829176843e-02
1.161448613840342592e+00,1.169499391019871215e+00,2.056691351359335451e-02
1.169499391019871215e+00,1.177605973520807314e+00,3.581003878454819007e-03
1.177605973520807314e+00,1.185768748167160158e+00,3.872578173870917448e-03
1.185768748167160158e+00,1.193988104464273059e+00,3.340502312826253584e-03
1.193988104464273059e+00,1.202264434617413169e+00,4.372863670989897596e-03
1.202264434617413169e+00,1.210598133550482292e+00,4.389123712548486343e-03
1.210598133550482292e+00,1.218989598924866691e+00,3.155892634370664057e-03
1.218989598924866691e+00,1.227439231158407251e+00,3.226928604208906867e-03
1.227439231158407251e+00,1.235947433444510635e+00,1.770872482122720290e-02
1.235947433444510635e+00,1.244514611771385004e+00,4.086136252219758729e-03
1.244514611771385004e+00,1.253141174941416303e+00,3.088361867628415698e-03
1.253141174941416303e+00,1.261827534590670652e+00,3.340138202523552056e-03
1.261827534590670652e+00,1.270574105208541971e+00,3.413965455906350574e-03
1.270574105208541971e+00,1.279381304157524601e+00,3.527661266121096591e-03
1.279381304157524601e+00,1.288249551693134265e+00,2.679126719409084378e-03
1.288249551693134265e+00,1.297179270983956023e+00,3.341068615704015539e-03
1.297179270983956023e+00,1.306170888131841679e+00,3.467517144754414440e-03
1.306170888131841679e+00,1.315224832192238402e+00,5.168654626062382448e-03
1.315224832192238402e+00,1.324341535194665020e+00,9.006137996166202475e-03
1.324341535194665020e+00,1.333521432163323972e+00,2.907459118804249249e-03
1.333521432163323972e+00,1.342764961137864255e+00,3.889736685268647357e-03
1.342764961137864255e+00,1.352072563194277155e+00,3.456916505940292247e-03
1.352072563194277155e+00,1.361444682465950295e+00,2.727714767215405362e-03
1.361444682465950295e+00,1.370881766164853577e+00,3.929173044067757470e-03
1.370881766164853577e+00,1.380384264602885214e+00,4.548282602069428880e-03
1.380384264602885214e+00,1.389952631213353218e+00,3.664414869498074621e-03
1.389952631213353218e+00,1.399587322572618531e+00,2.565656731344212980e-03
1.399587322572618531e+00,1.409288798421874711e+00,5.068907089479633872e-03
1.409288798421874711e+00,1.419057521689092605e+00,3.692549325252910374e-03
1.419057521689092605e+00,1.428893958511102902e+00,2.481419696274885303e-03
1.428893958511102902e+00,1.438798578255845229e+00,2.874739000497859420e-03
1.438798578255845229e+00,1.448771853544761790e+00,3.150710959454186815e-03
1.448771853544761790e+00,1.458814260275348218e+00,2.115177915057867789e-03
1.458814260275348218e+00,1.468926277643866962e+00,7.215313156249029448e-03
1.468926277643866962e+00,1.479108388168207222e+00,7.705206637971409242e-03
1.479108388168207222e+00,1.489361077710915415e+00,6.863892818006317106e-03
1.489361077710915415e+00,1.499684835502373303e+00,3.528978021256615281e-03
1.499684835502373303e+00,1.510080154164148425e+00,1.901154696947318385e-03
1.510080154164148425e+00,1.520547529732495518e+00,2.138701968728148276e-03
1.520547529732495518e+00,1.531087461682030249e+00,2.328955098235310685e-03
1.531087461682030249e+00,1.541700452949559264e+00,2.326838358306605650e-03
1.541700452949559264e+00,1.552387009958082542e+00,4.356905140687641551e-03
1.552387009958082542e+00,1.563147642640953849e+00,2.751189484882969518e-03
1.563147642640953849e+00,1.573982864466219711e+00,2.494455450900750354e-03
1.573982864466219711e+00,1.584893192461113376e+00,1.986470628818958438e-03
1.584893192461113376e+00,1.595879147236732853e+00,2.526127417236399050e-03
1.595879147236732853e+00,1.606941253012877269e+00,2.004845688165473282e-03
1.606941253012877269e+00,1.618080037643066182e+00,2.059913529873963738e-03
1.618080037643066182e+00,1.629296032639722336e+00,1.579454514507786303e-03
1.629296032639722336e+00,1.640589773199539581e+00,1.529936459598222947e-03
1.640589773199539581e+00,1.651961798229014899e+00,2.523732699959526423e-03
1.651961798229014899e+00,1.663412650370169832e+00,2.541575294648752790e-03
1.663412650370169832e+00,1.674942876026437322e+00,1.538064202331890619e-03
1.674942876026437322e+00,1.686553025388741522e+00,1.810604166095900868e-03
1.686553025388741522e+00,1.698243652461744357e+00,1.488218216460534095e-03
1.698243652461744357e+00,1.710015315090287924e+00,1.577121880487011765e-03
1.710015315090287924e+00,1.721868574986006983e+00,3.286952187198760068e-03
1.721868574986006983e+00,1.733803997754138404e+00,2.083443980260280860e-03
1.733803997754138404e+00,1.745822152920503800e+00,2.135854726661330031e-03
1.745822152920503800e+00,1.757923613958693121e+00,1.614853713223641249e-03
1.757923613958693121e+00,1.770108958317420988e+00,1.305034309849990989e-03
1.770108958317420988e+00,1.782378767448089985e+00,1.331264404665539330e-03
1.782378767448089985e+00,1.794733626832526463e+00,1.231748956235095621e-03
1.794733626832526463e+00,1.807174126010927528e+00,1.338056462100050293e-03
1.807174126010927528e+00,1.819700858609983429e+00,1.628362668114210826e-03
1.819700858609983429e+00,1.832314422371212004e+00,4.642815290918943238e-03
1.832314422371212004e+00,1.845015419179473648e+00,1.263876059825603604e-03
1.845015419179473648e+00,1.857804455091699003e+00,1.196261667427751113e-02
1.857804455091699003e+00,1.870682140365800716e+00,1.173154723942404325e-03
1.870682140365800716e+00,1.883649089489801032e+00,1.274620361801654788e-03
1.883649089489801032e+00,1.896705921211146340e+00,1.060149937917331071e-03
1.896705921211146340e+00,1.909853258566237777e+00,1.065673546881752828e-03
1.909853258566237777e+00,1.923091728910158560e+00,1.034712770607074160e-03
1.923091728910158560e+00,1.936421963946606928e+00,1.020215710009052300e-03
1.936421963946606928e+00,1.949844599758045582e+00,1.020276986726011310e-03
1.949844599758045582e+00,1.963360276836046303e+00,9.929443276934560823e-04
1.963360276836046303e+00,1.976969640111861048e+00,1.242857153545765068e-03
1.976969640111861048e+00,1.990673338987186458e+00,1.122089859897841893e-03
1.990673338987186458e+00,2.004472027365161502e+00,1.532846238578967207e-02
2.004472027365161502e+00,2.018366363681560749e+00,9.103909551895216249e-04
2.018366363681560749e+00,2.032357010936221897e+00,9.122424900331943184e-04
2.032357010936221897e+00,2.046444636724674027e+00,1.117899895112391649e-03
2.046444636724674027e+00,2.060629913270000557e+00,8.815573356868799211e-04
2.060629913270000557e+00,2.074913517454909595e+00,8.615912254580308099e-04
2.074913517454909595e+00,2.089296130854039646e+00,8.491071481526421593e-04
2.089296130854039646e+00,2.103778439766475383e+00,8.349931174848801343e-04
2.103778439766475383e+00,2.118361135248502336e+00,8.446819449071746528e-04
2.118361135248502336e+00,2.133044913146576071e+00,8.642456454739992589e-04
2.133044913146576071e+00,2.147830474130534295e+00,8.397873793451974406e-04
2.147830474130534295e+00,2.162718523727019893e+00,8.438660081795829613e-04
2.162718523727019893e+00,2.177709772353159323e+00,1.703936379342009489e-03
2.177709772353159323e+00,2.192804935350448403e+00,7.486922516145571183e-04
2.192804935350448403e+00,2.208004733018900101e+00,7.655679640152597467e-04
2.208004733018900101e+00,2.223309890651402831e+00,7.353938562806928200e-04
2.223309890651402831e+00,2.238721138568339875e+00,7.278255803124697139e-04
2.238721138568339875e+00,2.254239212152429062e+00,7.044802871034506640e-04
2.254239212152429062e+00,2.269864851883822254e+00,7.010039476588849142e-04
2.269864851883822254e+00,2.285598803375429977e+00,9.915005341742356374e-04
2.285598803375429977e+00,2.301441817408508950e+00,7.136671702182299966e-04
2.301441817408508950e+00,2.317394649968478326e+00,6.612764097758322196e-04
2.317394649968478326e+00,2.333458062281003276e+00,6.660579097373343568e-04
2.333458062281003276e+00,2.349632820848307269e+00,7.784961909373670948e-04
2.349632820848307269e+00,2.365919697485758810e+00,7.069175652378790120e-04
2.365919697485758810e+00,2.382319469358689989e+00,2.201797799574624088e-03
2.382319469358689989e+00,2.398832919019491250e+00,6.278939706448328746e-04
2.398832919019491250e+00,2.415460834444940197e+00,6.223021001444305417e-04
2.415460834444940197e+00,2.432204009073815953e+00,2.666355341255619710e-03
2.432204009073815953e+00,2.449063241844745331e+00,2.008354816156425818e-03
2.449063241844745331e+00,2.466039337234339879e+00,4.722023710592259185e-03
2.466039337234339879e+00,2.483133105295570520e+00,5.431220900051647203e-04
2.483133105295570520e+00,2.500345361696432178e+00,1.006289416579462821e-03
2.500345361696432178e+00,2.517676927758855765e+00,5.257695343402557855e-04
2.517676927758855765e+00,2.535128630497908375e+00,5.096127329271873648e-04
2.535128630497908375e+00,2.552701302661247063e+00,5.047590854783969537e-04
2.552701302661247063e+00,2.570395782768863491e+00,6.971115361508752571e-04
2.570395782768863491e+00,2.588212915153091931e+00,7.585927061753951683e-04
2.588212915153091931e+00,2.606153549998895258e+00,5.938639639728539353e-04
2.606153549998895258e+00,2.624218543384441826e+00,3.859887566313627283e-03
2.624218543384441826e+00,2.642408757321946133e+00,4.978051617675401542e-04
2.642408757321946133e+00,2.660725059798809689e+00,4.443086923823404556e-04
2.660725059798809689e+00,2.679168324819031444e+00,4.590505580992849575e-04
2.679168324819031444e+00,2.697739432444920649e+00,4.524305722238901556e-04
2.697739432444920649e+00,2.716439268839082377e+00,4.449440749657782284e-04
2.716439268839082377e+00,2.735268726306712583e+00,4.418747216913927137e-04
2.735268726306712583e+00,2.754228703338166273e+00,4.386916047357245548e-04
2.754228703338166273e+00,2.773320104651840978e+00,4.263084871150370800e-04
2.773320104651840978e+00,2.792543841237337787e+00,4.340759511033539728e-04
2.792543841237337787e+00,2.811900830398940787e+00,4.089363553534851249e-04
2.811900830398940787e+00,2.831391995799378947e+00,4.440236820231615667e-04
2.831391995799378947e+00,2.851018267503909964e+00,3.876758002738264048e-04
2.851018267503909964e+00,2.870780582024690553e+00,3.917723357672254678e-04
2.870780582024690553e+00,2.890679882365476239e+00,8.723607820020693035e-04
2.890679882365476239e+00,2.910717118066604936e+00,3.644004460823912074e-04
2.910717118066604936e+00,2.930893245250321577e+00,3.580713873038609196e-04
2.930893245250321577e+00,2.951209226666385632e+00,3.794659778091832316e-04
2.951209226666385632e+00,2.971666031738026792e+00,3.489655147215051274e-04
2.971666031738026792e+00,2.992264636608188866e+00,3.364679825585539037e-04
2.992264636608188866e+00,3.013006024186121845e+00,3.398686747155436959e-04
3.013006024186121845e+00,3.033891184194270618e+00,5.005512727594632486e-04
3.033891184194270618e+00,3.054921113215514072e+00,3.291022731254988421e-04
3.054921113215514072e+00,3.076096814740707952e+00,3.136763738620139213e-04
3.076096814740707952e+00,3.097419299216581212e+00,1.036781299804419862e-03
3.097419299216581212e+00,3.118889584093937017e+00,5.281490450124969862e-04
3.118889584093937017e+00,3.140508693876218338e+00,1.050026294908597453e-03
3.140508693876218338e+00,3.162277660168379523e+00,3.119536784118988825e-04
3.162277660168379523e+00,3.184197521726125579e+00,3.145714826429201849e-04
3.184197521726125579e+00,3.206269324505465868e+00,2.762443012465855448e-04
3.206269324505465868e+00,3.228494121712636389e+00,2.712294946766258350e-04
3.228494121712636389e+00,3.250872973854343595e+00,2.677134292645320587e-04
3.250872973854343595e+00,3.273406948788383009e+00,3.730212230326602303e-04
3.273406948788383009e+00,3.296097121774577587e+00,2.670853247346964576e-04
3.296097121774577587e+00,3.318944575526104668e+00,4.308560070099217462e-04
3.318944575526104668e+00,3.341950400261142651e+00,2.875487390358215183e-04
3.341950400261142651e+00,3.365115693754908044e+00,2.407720598199304945e-04
3.365115693754908044e+00,3.388441561392025569e+00,2.579924603953781450e-04
3.388441561392025569e+00,3.411929116219286406e+00,2.448306773572817810e-04
3.411929116219286406e+00,3.435579478998746605e+00,2.360088111766604096e-04
3.435579478998746605e+00,3.459393778261218966e+00,2.305190046107566480e-04
3.459393778261218966e+00,3.483373150360117965e+00,2.175809819629256187e-04
3.483373150360117965e+00,3.507518739525679496e+00,2.182175400435075680e-04
3.507518739525679496e+00,3.531831697919570079e+00,2.121977836584231078e-04
3.531831697919570079e+00,3.556313185689852663e+00,2.076265930487540740e-04
3.556313185689852663e+00,3.580964371026360560e+00,2.032993707037218894e-04
3.580964371026360560e+00,3.605786430216423533e+00,2.110563816237848937e-04
3.605786430216423533e+00,3.630780547701013994e+00,1.966611202050645095e-04
3.630780547701013994e+00,3.655947916131248476e+00,1.899960944451593772e-04
3.655947916131248476e+00,3.681289736425314985e+00,2.555164096003377083e-04
3.681289736425314985e+00,3.706807217825759615e+00,1.820901797589454538e-04
3.706807217825759615e+00,3.732501577957206162e+00,1.781387174362933379e-04
3.732501577957206162e+00,3.758374042884441213e+00,1.744425465668021744e-04
3.758374042884441213e+00,3.784425847170933555e+00,1.784391719130637986e-04
3.784425847170933555e+00,3.810658233937730177e+00,1.677690803929170540e-04
3.810658233937730177e+00,3.837072454922788367e+00,1.684597605905263325e-04
3.837072454922788367e+00,3.863669770540691495e+00,3.808211076301135805e-04
3.863669770540691495e+00,3.890451449942806672e+00,6.055837642190843150e-04
3.890451449942806672e+00,3.917418771077830542e+00,1.524684399807104253e-04
3.917418771077830542e+00,3.944573020752784931e+00,1.636698352923173774e-04
3.944573020752784931e+00,3.971915494694402859e+00,1.547959034131902013e-04
3.971915494694402859e+00,3.999447497610975510e+00,1.472686592668843704e-04
3.999447497610975510e+00,4.027170343254590890e+00,1.420855627732825846e-04
4.027170343254590890e+00,4.055085354483838778e+00,1.430257497723649287e-04
4.055085354483838778e+00,4.083193863326920692e+00,1.436659453230583450e-04
4.083193863326920692e+00,4.111497211045223032e+00,1.472615595162268733e-04
4.111497211045223032e+00,4.139996748197304122e+00,1.320900730683160097e-04
4.139996748197304122e+00,4.168693834703354639e+00,1.249855321714621543e-04
4.168693834703354639e+00,4.197589839910075504e+00,1.222425607972695970e-04
4.197589839910075504e+00,4.226686142656030931e+00,1.195381248376594356e-04
4.226686142656030931e+00,4.255984131337430476e+00,1.186771318097155155e-04
4.255984131337430476e+00,4.285485203974396029e+00,1.149723469865885332e-04
4.285485203974396029e+00,4.315190768277652467e+00,1.115414603690813387e-04
4.315190768277652467e+00,4.345102241715716573e+00,1.097915318320392026e-04
4.345102241715716573e+00,4.375221051582521170e+00,1.066560458675036869e-04
4.375221051582521170e+00,4.405548635065533958e+00,1.037273669098313255e-04
4.405548635065533958e+00,4.436086439314325780e+00,1.014361622559706316e-04
4.436086439314325780e+00,4.466835921509632712e+00,9.969557219913849431e-05
4.466835921509632712e+00,4.497798548932880003e+00,1.059738034166745479e-04
4.497798548932880003e+00,4.528975799036208727e+00,9.566847263342324957e-05
4.528975799036208727e+00,4.560369159512961623e+00,9.441172240865763486e-05
4.560369159512961623e+00,4.591980128368687630e+00,1.176715820537760864e-04
4.591980128368687630e+00,4.623810213992602947e+00,8.830781712577687940e-05
4.623810213992602947e+00,4.655860935229588549e+00,8.628182562562627966e-05
4.655860935229588549e+00,4.688133821452653116e+00,8.525627520437405822e-05
4.688133821452653116e+00,4.720630412635904882e+00,8.796689483178473799e-05
4.720630412635904882e+00,4.753352259428053728e+00,8.248174040967600558e-05
4.753352259428053728e+00,4.786300923226383119e+00,7.874791810380196450e-05
4.786300923226383119e+00,4.819477976251273610e+00,8.693499160923990156e-05
4.819477976251273610e+00,4.852885001621209504e+00,7.683937712955698118e-05
4.852885001621209504e+00,4.886523593428336198e+00,7.284924011445779676e-05
4.886523593428336198e+00,4.920395356814508681e+00,7.450240485919887236e-05
4.920395356814508681e+00,4.954501908047903136e+00,6.936261931222661471e-05
4.954501908047903136e+00,4.988844874600121493e+00,6.952250071084526599e-05
4.988844874600121493e+00,5.023425895223871507e+00,6.728135959517685897e-05
5.023425895223871507e+00,5.058246620031139784e+00,6.603008536308884726e-05
5.058246620031139784e+00,5.093308710571954556e+00,6.312247266939774535e-05
5.093308710571954556e+00,5.128613839913648498e+00,6.233624276640038731e-05
5.128613839913648498e+00,5.164163692720710408e+00,6.046080744536105493e-05
5.164163692720710408e+00,5.199959965335159140e+00,5.902488604372779774e-05
5.199959965335159140e+00,5.236004365857503728e+00,5.782890234077241697e-05
5.236004365857503728e+00,5.272298614228227542e+00,5.621105396171474308e-05
5.272298614228227542e+00,5.308844442309884393e+00,5.493748444045136936e-05
5.308844442309884393e+00,5.345643593969716001e+00,5.354249006506645915e-05
5.345643593969716001e+00,5.382697825162884087e+00,5.221449099556531661e-05
5.382697825162884087e+00,5.420008904016238027e+00,5.093262945962404503e-05
5.420008904016238027e+00,5.457578610912710460e+00,4.971745166110796738e-05
5.457578610912710460e+00,5.495408738576245788e+00,4.862468922972335711e-05
5.495408738576245788e+00,5.533501092157368184e+00,4.742555454008998226e-05
5.533501092157368184e+00,5.571857489319298473e+00,4.636895296694163983e-05
5.571857489319298473e+00,5.610479760324706078e+00,4.750856173944627931e-05
5.610479760324706078e+00,5.649369748123024948e+00,4.739326382562455324e-05
5.649369748123024948e+00,5.688529308438416088e+00,4.579820606822112568e-05
5.688529308438416088e+00,5.727960309858292298e+00,4.192074492983066214e-05
5.727960309858292298e+00,5.767664633922509054e+00,4.092199829632411575e-05
5.767664633922509054e+00,5.807644175213121152e+00,3.987049268457933479e-05
5.807644175213121152e+00,5.847900841444809039e+00,3.889830009417997379e-05
5.847900841444809039e+00,5.888436553555889574e+00,3.802205497228004039e-05
5.888436553555889574e+00,5.929253245800000016e+00,3.706505680124941196e-05
5.929253245800000016e+00,5.970352865838369105e+00,3.613270560596458628e-05
5.970352865838369105e+00,6.011737374832781811e+00,3.527525901967579479e-05
6.011737374832781811e+00,6.053408747539136492e+00,3.443263773477724370e-05
6.053408747539136492e+00,6.095368972401693952e+00,3.407535646591226364e-05
6.095368972401693952e+00,6.137620051647942887e+00,3.460577175459912224e-05
6.137620051647942887e+00,6.180164001384160777e+00,3.305107653945957714e-05
6.180164001384160777e+00,6.223002851691595616e+00,3.114364165081749729e-05
6.223002851691595616e+00,6.266138646723352856e+00,3.037299711564880712e-05
6.266138646723352856e+00,6.309573444801933384e+00,2.963450330384941777e-05
6.309573444801933384e+00,6.353309318517435855e+00,2.892801206127105083e-05
6.353309318517435855e+00,6.397348354826482009e+00,2.836137563218681540e-05
6.397348354826482009e+00,6.441692655151771696e+00,2.786962515862862375e-05
6.441692655151771696e+00,6.486344335482384871e+00,2.953159861473501340e-05
6.486344335482384871e+00,6.531305526474723067e+00,3.549765094313544252e-05
6.531305526474723067e+00,6.576578373554205825e+00,5.613126377407953217e-05
6.576578373554205825e+00,6.622165037017619049e+00,1.871084851999382087e-04
6.622165037017619049e+00,6.668067692136221858e+00,2.027229467197519516e-04
6.668067692136221858e+00,6.714288529259523131e+00,2.040397135064825644e-04
6.714288529259523131e+00,6.760829753919819218e+00,2.307296157295118914e-05
6.760829753919819218e+00,6.807693586937413777e+00,2.253006393341839701e-05
6.807693586937413777e+00,6.854882264526616531e+00,2.200149302705029213e-05
6.854882264526616531e+00,6.902398038402418834e+00,2.165832845324968032e-05
6.902398038402418834e+00,6.950243175887969471e+00,2.123326769128606363e-05
6.950243175887969471e+00,6.998419960022734365e+00,2.045223970714752325e-05
6.998419960022734365e+00,7.046930689671470738e+00,2.002379812238773717e-05
7.046930689671470738e+00,7.095777679633887836e+00,1.947500201405710928e-05
7.095777679633887836e+00,7.144963260755134549e+00,1.905142530510154573e-05
7.144963260755134549e+00,7.194489780036994908e+00,1.855376911639564942e-05
7.194489780036994908e+00,7.244359600749902484e+00,1.811781992509898655e-05
7.244359600749902484e+00,7.294575102545686640e+00,1.764504234888533528e-05
7.294575102545686640e+00,7.345138681571151018e+00,1.722661231881579644e-05
7.345138681571151018e+00,7.396052750582377655e+00,1.681140867849864747e-05
7.396052750582377655e+00,7.447319739059892640e+00,1.642043104258536848e-05
7.447319739059892640e+00,7.498942093324558300e+00,1.606247494671224832e-05
7.498942093324558300e+00,7.550922276654341125e+00,1.572246241693995740e-05
7.550922276654341125e+00,7.603262769401818666e+00,1.539761519049508823e-05
7.603262769401818666e+00,7.655966069112565719e+00,1.512494834710425193e-05
7.655966069112565719e+00,7.709034690644300802e+00,1.604271018905129817e-05
7.709034690644300802e+00,7.762471166286919910e+00,2.412225277910159585e-05
7.762471166286919910e+00,7.816278045883296777e+00,1.613468577329278184e-05
7.816278045883296777e+00,7.870457896950989074e+00,1.840948653108469656e-05
7.870457896950989074e+00,7.925013304804718217e+00,1.319886917370432128e-05
7.925013304804718217e+00,7.979946872679768433e+00,1.289590980102952327e-05
7.979946872679768433e+00,8.035261221856172753e+00,1.257491709654312838e-05
8.035261221856172753e+00,8.090958991783825383e+00,1.234670399872726607e-05
8.090958991783825383e+00,8.147042840208396086e+00,1.468559085447779913e-05
8.147042840208396086e+00,8.203515443298185161e+00,1.272895376436108592e-05
8.203515443298185161e+00,8.260379495771788427e+00,1.262978400868311109e-05
8.260379495771788427e+00,8.317637711026709013e+00,1.227771134028066971e-05
8.317637711026709013e+00,8.375292821268827126e+00,1.135848744147509595e-05
8.375292821268827126e+00,8.433347577642752668e+00,1.062019018880039443e-05
8.433347577642752668e+00,8.491804750363138865e+00,1.085574542088044427e-05
8.491804750363138865e+00,8.550667128846832554e+00,1.013784727852272386e-05
8.550667128846832554e+00,8.609937521846006803e+00,1.009591329895853206e-05
8.609937521846006803e+00,8.669618757582165713e+00,9.858236595043772744e-06
8.669618757582165713e+00,8.729713683881117348e+00,9.493555224866307430e-06
8.729713683881117348e+00,8.790225168308841930e+00,9.177340579283114116e-06
8.790225168308841930e+00,8.851156098308356590e+00,9.016524482921084446e-06
8.851156098308356590e+00,8.912509381337454073e+00,8.811498401137708776e-06
8.912509381337454073e+00,8.974287945007485945e+00,8.601084240162193379e-06
8.974287945007485945e+00,9.036494737223014440e+00,8.422744172807040698e-06
9.036494737223014440e+00,9.099132726322517684e+00,8.219741287965981572e-06
9.099132726322517684e+00,9.162204901219997311e+00,8.000855782959553469e-06
9.162204901219997311e+00,9.225714271547634127e+00,7.789953647723649944e-06
9.225714271547634127e+00,9.289663867799362151e+00,7.605261122885256212e-06
9.289663867799362151e+00,9.354056741475520909e+00,7.426917669038440502e-06
9.354056741475520909e+00,9.418895965228413658e+00,7.253330500192778525e-06
9.418895965228413658e+00,9.484184633008974075e+00,7.082431950417893245e-06
9.484184633008974075e+00,9.549925860214358408e+00,6.925702799358915937e-06
9.549925860214358408e+00,9.616122783836647869e+00,6.741612286830778235e-06
9.616122783836647869e+00,9.682778562612490703e+00,6.577588063819361155e-06
9.682778562612490703e+00,9.749896377173872253e+00,6.418500751851515776e-06
9.749896377173872253e+00,9.817479430199844259e+00,6.259593597167607202e-06
9.817479430199844259e+00,9.885530946569391020e+00,6.111653084345461468e-06
9.885530946569391020e+00,9.954054173515268999e+00,5.964207588194102259e-06
9.954054173515268999e+00,1.002305238077899396e+01,5.821491232902670770e-06
1.002305238077899396e+01,1.009252886076684419e+01,5.679608811447450762e-06
1.009252886076684419e+01,1.016248692870695969e+01,5.538426557559225420e-06
1.016248692870695969e+01,1.023292992280754632e+01,5.399685416051220699e-06
1.023292992280754632e+01,1.030386120441615816e+01,5.267565324143163997e-06
1.030386120441615816e+01,1.037528415818012562e+01,5.139745922180573481e-06
1.037528415818012562e+01,1.044720219220800317e+01,5.015110597890443242e-06
1.044720219220800317e+01,1.051961873823223570e+01,4.892505619532277526e-06
1.051961873823223570e+01,1.059253725177288707e+01,4.772159516677429763e-06
1.059253725177288707e+01,1.066596121230257843e+01,4.652961850736240677e-06
1.066596121230257843e+01,1.073989412341245142e+01,4.535175614594847583e-06
1.073989412341245142e+01,1.081433951297938734e+01,4.422042027884362812e-06
1.081433951297938734e+01,1.088930093333433291e+01,4.312409076272859690e-06
1.088930093333433291e+01,1.096478196143185180e+01,4.205267993373521665e-06
1.096478196143185180e+01,1.104078619902073477e+01,4.100281487011783731e-06
1.104078619902073477e+01,1.111731727281591908e+01,3.997252064754787253e-06
1.111731727281591908e+01,1.119437883467151451e+01,3.895666012540480482e-06
1.119437883467151451e+01,1.127197456175510482e+01,3.795415166343831289e-06
1.127197456175510482e+01,1.135010815672315410e+01,3.699054962666358463e-06
1.135010815672315410e+01,1.142878334789771166e+01,3.605105124070014857e-06
1.142878334789771166e+01,1.150800388944435682e+01,3.512989913676023151e-06
1.150800388944435682e+01,1.158777356155126270e+01,3.422992854615002887e-06
1.158777356155126270e+01,1.166809617060962978e+01,3.334592538591999425e-06
1.166809617060962978e+01,1.174897554939529165e+01,3.247635602934371590e-06
1.174897554939529165e+01,1.183041555725164606e+01,3.162433032434049715e-06
1.183041555725164606e+01,1.191242008027374943e+01,3.080310593367824652e-06
1.191242008027374943e+01,1.199499303149379337e+01,2.999679139930190491e-06
1.199499303149379337e+01,1.207813835106779798e+01,2.920728240499778870e-06
1.207813835106779798e+01,1.216186000646367837e+01,2.843518999893431675e-06
1.216186000646367837e+01,1.224616199265048877e+01,2.767718795509306386e-06
1.224616199265048877e+01,1.233104833228909669e+01,2.693349949871766244e-06
1.233104833228909669e+01,1.241652307592410587e+01,2.621204740121864147e-06
1.241652307592410587e+01,1.250259030217720024e+01,2.550862716554355395e-06
1.250259030217720024e+01,1.258925411794167459e+01,2.481763190646823780e-06
1.258925411794167459e+01,1.267651865857846083e+01,2.414253888365945263e-06
1.267651865857846083e+01,1.276438808811343506e+01,2.348104013077477747e-06
1.276438808811343506e+01,1.285286659943615462e+01,2.283314044463131710e-06
1.285286659943615462e+01,1.294195841449986339e+01,2.220225190718447885e-06
1.294195841449986339e+01,1.303166778452300001e+01,2.158842472736666560e-06
1.303166778452300001e+01,1.312199899019202753e+01,2.098599131036830722e-06
1.312199899019202753e+01,1.321295634186575185e+01,2.039641389958067559e-06
1.321295634186575185e+01,1.330454417978091364e+01,1.982025612712300060e-06
1.330454417978091364e+01,1.339676687425935775e+01,1.925641092211583980e-06
1.339676687425935775e+01,1.348962882591653312e+01,1.870720382241637080e-06
1.348962882591653312e+01,1.358313446587154161e+01,1.817258170244750634e-06
1.358313446587154161e+01,1.367728825595849429e+01,1.764854431686238152e-06
1.367728825595849429e+01,1.377209468893947353e+01,1.713580213322359459e-06
1.377209468893947353e+01,1.386755828871888241e+01,1.663519421692648355e-06
1.386755828871888241e+01,1.396368361055937690e+01,1.614617558790408501e-06
1.396368361055937690e+01,1.406047524129914272e+01,1.567000537921327192e-06
1.406047524129914272e+01,1.415793779957082421e+01,1.520596009234565577e-06
1.415793779957082421e+01,1.425607593602187961e+01,1.475165931856192183e-06
1.425607593602187961e+01,1.435489433353655997e+01,1.430764622124685281e-06
1.435489433353655997e+01,1.445439770745928065e+01,1.387476811049570810e-06
1.445439770745928065e+01,1.455459080581966802e+01,1.345210875812396934e-06
1.455459080581966802e+01,1.465547840955911241e+01,1.304124534386013233e-06
1.465547840955911241e+01,1.475706533275894650e+01,1.264010731611176152e-06
1.475706533275894650e+01,1.485935642287007497e+01,1.224807154933260074e-06
1.485935642287007497e+01,1.496235656094434319e+01,1.186566751024699888e-06
1.496235656094434319e+01,1.506607066186741761e+01,1.149309254015256605e-06
1.506607066186741761e+01,1.517050367459336790e+01,1.112997287736228100e-06
1.517050367459336790e+01,1.527566058238073232e+01,1.077687504304464996e-06
1.527566058238073232e+01,1.538154640303034171e+01,1.043205669839102967e-06
1.538154640303034171e+01,1.548816618912481147e+01,1.009582237992304689e-06
1.548816618912481147e+01,1.559552502826953813e+01,9.768553996655745739e-07
1.559552502826953813e+01,1.570362804333553086e+01,9.449551264741962687e-07
1.570362804333553086e+01,1.581248039270382577e+01,9.139694611597540414e-07
1.581248039270382577e+01,1.592208727051169959e+01,8.837662995195764155e-07
1.592208727051169959e+01,1.603245390690041816e+01,8.543429830029845011e-07
1.603245390690041816e+01,1.614358556826486790e+01,8.257163739378322158e-07
1.614358556826486790e+01,1.625548755750483565e+01,7.978476456990837616e-07
1.625548755750483565e+01,1.636816521427808624e+01,7.707827195322769736e-07
1.636816521427808624e+01,1.648162391525508497e+01,7.444477234819013143e-07
1.648162391525508497e+01,1.659586907437561365e+01,7.188256842281105247e-07
1.659586907437561365e+01,1.671090614310707068e+01,6.939135560951997070e-07
1.671090614310707068e+01,1.682674061070467175e+01,6.696921398861910557e-07
1.682674061070467175e+01,1.694337800447328846e+01,6.461840372837620324e-07
1.694337800447328846e+01,1.706082389003124433e+01,6.233389938382210734e-07
1.706082389003124433e+01,1.717908387157587669e+01,6.011459753138763871e-07
1.717908387157587669e+01,1.729816359215101329e+01,5.795845064558982714e-07
1.729816359215101329e+01,1.741806873391614374e+01,5.586509857579429906e-07
1.741806873391614374e+01,1.753880501841761941e+01,5.383516775997004335e-07
1.753880501841761941e+01,1.766037820686164039e+01,5.186494924408357156e-07
1.766037820686164039e+01,1.778279410038922848e+01,4.995342609029380962e-07
1.778279410038922848e+01,1.790605854035294797e+01,4.809830738881032851e-07
1.790605854035294797e+01,1.803017740859569784e+01,4.630027346251745520e-07
1.803017740859569784e+01,1.815515662773135119e+01,4.455799118010218976e-07
1.815515662773135119e+01,1.828100216142742696e+01,4.286954730935469111e-07
1.828100216142742696e+01,1.840772001468956276e+01,4.123294374064954619e-07
1.840772001468956276e+01,1.853531623414812302e+01,3.964717931077951550e-07
1.853531623414812302e+01,1.866379690834669347e+01,3.811260358840637344e-07
1.866379690834669347e+01,1.879316816803268608e+01,3.662713765042491678e-07
1.879316816803268608e+01,1.892343618644975933e+01,3.518931725786880144e-07
1.892343618644975933e+01,1.905460717963248385e+01,3.379738968321871060e-07
1.905460717963248385e+01,1.918668740670289097e+01,3.245145189564581324e-07
1.918668740670289097e+01,1.931968317016924175e+01,3.115025807717431452e-07
1.931968317016924175e+01,1.945360081622663273e+01,2.989243796047568368e-07
1.945360081622663273e+01,1.958844673505991096e+01,2.867632574407301063e-07
1.958844673505991096e+01,1.972422736114853592e+01,2.750125758202085214e-07
1.972422736114853592e+01,1.986094917357371514e+01,2.636680812627396725e-07
1.986094917357371514e+01,1.999861869632744771e+01,2.527143528654095408e-07
1.999861869632744771e+01,2.013724249862389470e+01,2.421381458573910657e-07
2.013724249862389470e+01,2.027682719521281740e+01,2.319295217472992340e-07
2.027682719521281740e+01,2.041737944669529625e+01,2.220857749436673049e-07
2.041737944669529625e+01,2.055890595984142522e+01,2.125925659423773450e-07
2.055890595984142522e+01,2.070141348791041480e+01,2.034387749554299242e-07
2.070141348791041480e+01,2.084490883097288716e+01,1.946141117025514972e-07
2.084490883097288716e+01,2.098939883623524594e+01,1.861149677735796087e-07
2.098939883623524594e+01,2.113489039836647621e+01,1.779288777182381285e-07
2.113489039836647621e+01,2.128139045982711153e+01,1.700458269669399274e-07
2.128139045982711153e+01,2.142890601120058491e+01,1.624564560626472405e-07
2.142890601120058491e+01,2.157744409152666876e+01,1.551561623431682999e-07
2.157744409152666876e+01,2.172701178863745497e+01,1.481338306779753753e-07
2.172701178863745497e+01,2.187761623949552003e+01,1.413805274373718336e-07
2.187761623949552003e+01,2.202926463053455919e+01,1.348879830118357513e-07
2.202926463053455919e+01,2.218196419800219488e+01,1.286508993907443016e-07
2.218196419800219488e+01,2.233572222830532539e+01,1.226591957237325376e-07
2.233572222830532539e+01,2.249054605835780407e+01,1.169050324428732648e-07
2.249054605835780407e+01,2.264644307593059480e+01,1.113811841504106338e-07
2.264644307593059480e+01,2.280342072000418696e+01,1.060817356904830489e-07
2.280342072000418696e+01,2.296148648112363233e+01,1.009977572875680371e-07
2.296148648112363233e+01,2.312064790175594098e+01,9.612235723419067692e-08
2.312064790175594098e+01,2.328091257665007774e+01,9.144927180711995162e-08
2.328091257665007774e+01,2.344228815319922532e+01,8.697195219437892475e-08
2.344228815319922532e+01,2.360478233180578300e+01,8.268291722046228448e-08
2.360478233180578300e+01,2.376840286624875986e+01,7.857601706877518138e-08
2.376840286624875986e+01,2.393315756405387518e+01,7.464558313578295646e-08
2.393315756405387518e+01,2.409905428686595386e+01,7.088495801489690970e-08
2.409905428686595386e+01,2.426610095082416763e+01,6.728801775447613066e-08
2.426610095082416763e+01,2.443430552693971336e+01,6.384921288461427010e-08
2.443430552693971336e+01,2.460367604147627318e+01,6.056306132474085873e-08
2.460367604147627318e+01,2.477422057633286201e+01,5.742352918634766262e-08
2.477422057633286201e+01,2.494594726942955987e+01,5.442542487359728565e-08
2.494594726942955987e+01,2.511886431509579509e+01,5.156371849231415766e-08
2.511886431509579509e+01,2.529297996446144836e+01,4.883307809563662691e-08
2.529297996446144836e+01,2.546830252585041876e+01,4.622848022985934040e-08
2.546830252585041876e+01,2.564484036517718835e+01,4.374525635886531528e-08
2.564484036517718835e+01,2.582260190634595887e+01,4.137873710643891622e-08
2.582260190634595887e+01,2.600159563165272303e+01,3.912417597831996341e-08
2.600159563165272303e+01,2.618183008218986174e+01,3.697726326171350237e-08
2.618183008218986174e+01,2.636331385825381446e+01,3.493378240115396704e-08
2.636331385825381446e+01,2.654605561975538919e+01,3.298942727208010398e-08
2.654605561975538919e+01,2.673006408663311717e+01,3.114019808428087328e-08
2.673006408663311717e+01,2.691534803926916553e+01,2.938225655277061454e-08
2.691534803926916553e+01,2.710191631890841535e+01,2.771174582721833037e-08
2.710191631890841535e+01,2.728977782808040331e+01,2.612497862589527005e-08
2.728977782808040331e+01,2.747894153102397397e+01,2.461846967629855071e-08
2.747894153102397397e+01,2.766941645411512596e+01,2.318875727355536383e-08
2.766941645411512596e+01,2.786121168629769329e+01,2.183248710325706136e-08
2.786121168629769329e+01,2.805433637951713166e+01,2.054649852247720633e-08
2.805433637951713166e+01,2.824879974915707592e+01,1.932768564145380084e-08
2.824879974915707592e+01,2.844461107447916959e+01,1.817302522569105665e-08
2.844461107447916959e+01,2.864177969906579690e+01,1.707966227230012140e-08
2.864177969906579690e+01,2.884031503126605855e+01,1.604481401739668627e-08
2.884031503126605855e+01,2.904022654464451136e+01,1.506577228662489242e-08
2.904022654464451136e+01,2.924152377843336836e+01,1.413997310604325508e-08
2.924152377843336836e+01,2.944421633798760141e+01,1.326492906634692331e-08
2.944421633798760141e+01,2.964831389524342242e+01,1.243822600061972489e-08
2.964831389524342242e+01,2.985382618917960329e+01,1.165757468270981356e-08
2.985382618917960329e+01,3.006076302628232355e+01,1.092075901787521414e-08
3.006076302628232355e+01,3.026913428101304504e+01,1.022563702994779463e-08
3.026913428101304504e+01,3.047894989627982909e+01,9.570175422529156008e-09
3.047894989627982909e+01,3.069021988391158118e+01,8.952407971775680040e-09
3.069021988391158118e+01,3.090295432513591933e+01,8.370443247626949206e-09
3.090295432513591933e+01,3.111716337106016894e+01,7.822483647696222568e-09
3.111716337106016894e+01,3.133285724315585696e+01,7.306792985684029681e-09
3.133285724315585696e+01,3.155004623374627570e+01,6.821709126963223166e-09
3.155004623374627570e+01,3.176874070649772364e+01,6.365649653184550778e-09
3.176874070649772364e+01,3.198895109691397209e+01,5.937089714623490433e-09
3.198895109691397209e+01,3.221068791283434507e+01,5.534575480188225213e-09
3.221068791283434507e+01,3.243396173493493251e+01,5.156719881052295166e-09
3.243396173493493251e+01,3.265878321723359790e+01,4.802191438422886425e-09
3.265878321723359790e+01,3.288516308759829343e+01,4.469724039211984274e-09
3.288516308759829343e+01,3.311311214825911264e+01,4.158107520399778811e-09
3.311311214825911264e+01,3.334264127632350494e+01,3.866186063446745073e-09
3.334264127632350494e+01,3.357376142429548338e+01,3.592861183696569472e-09
3.357376142429548338e+01,3.380648362059815071e+01,3.337083304558897209e-09
3.380648362059815071e+01,3.404081897010009072e+01,3.097854215760931995e-09
3.404081897010009072e+01,3.427677865464504947e+01,2.874224639234035320e-09
3.427677865464504947e+01,3.451437393358564520e+01,2.665290097503453971e-09
3.451437393358564520e+01,3.475361614432057422e+01,2.470192342428174015e-09
3.475361614432057422e+01,3.499451670283573179e+01,2.288115142941656520e-09
3.499451670283573179e+01,3.523708710424872947e+01,2.118283616850073320e-09
3.523708710424872947e+01,3.548133892335756912e+01,1.959962978748045972e-09
3.548133892335756912e+01,3.572728381519288376e+01,1.812455698828561333e-09
3.572728381519288376e+01,3.597493351557423580e+01,1.675101224592878777e-09
3.597493351557423580e+01,3.622429984166987538e+01,1.547273600317124383e-09
3.622429984166987538e+01,3.647539469256076217e+01,1.428380264626065586e-09
3.647539469256076217e+01,3.672823004980845951e+01,1.317860803619428118e-09
3.672823004980845951e+01,3.698281797802662396e+01,1.215185096164200657e-09
3.698281797802662396e+01,3.723917062545686463e+01,1.119852426046661369e-09
3.723917062545686463e+01,3.749730022454834000e+01,1.031389830528190969e-09
3.749730022454834000e+01,3.775721909254159669e+01,9.493509768713724052e-10
3.775721909254159669e+01,3.801893963205612437e+01,8.733149416379769892e-10
3.801893963205612437e+01,3.828247433168228042e+01,8.028848962908374850e-10
3.828247433168228042e+01,3.854783576657716537e+01,7.376871194189860169e-10
3.854783576657716537e+01,3.881503659906482540e+01,6.773697276310745071e-10
3.881503659906482540e+01,3.908408957924021365e+01,6.216017184473571896e-10
3.908408957924021365e+01,3.935500754557776304e+01,5.700718740893831837e-10
3.935500754557776304e+01,3.962780342554393087e+01,5.224877805178248424e-10
3.962780342554393087e+01,3.990249023621420577e+01,4.785748885185318275e-10
3.990249023621420577e+01,4.017908108489400121e+01,4.380755541237408494e-10
4.017908108489400121e+01,4.045758916974428843e+01,4.007482011226087697e-10
4.045758916974428843e+01,4.073802778041125805e+01,3.663664245594712080e-10
4.073802778041125805e+01,4.102041029866067845e+01,3.347182185073638440e-10
4.102041029866067845e+01,4.130475019901614786e+01,3.056051620629879206e-10
4.130475019901614786e+01,4.159106104940222792e+01,2.788416969186503353e-10
4.159106104940222792e+01,4.187935651179182628e+01,2.542543960506550985e-10
4.187935651179182628e+01,4.216965034285822611e+01,2.316812907573657706e-10
4.216965034285822611e+01,4.246195639463130078e+01,2.109712119140847803e-10
4.246195639463130078e+01,4.275628861515864543e+01,1.919831707226889347e-10
4.275628861515864543e+01,4.305266104917105707e+01,1.745857627038573514e-10
4.305266104917105707e+01,4.335108783875288907e+01,1.586566030108435704e-10
4.335108783875288907e+01,4.365158322401661195e+01,1.440817869560387747e-10
4.365158322401661195e+01,4.395416154378247597e+01,1.307553779999056273e-10
4.395416154378247597e+01,4.425883723626264299e+01,1.185789202952039999e-10
4.425883723626264299e+01,4.456562483975032762e+01,1.074609764630999264e-10
4.456562483975032762e+01,4.487453899331323015e+01,9.731668825182692451e-11
4.487453899331323015e+01,4.518559443749226290e+01,8.806736085136485383e-11
4.518559443749226290e+01,4.549880601500484545e+01,7.964006812593197615e-11
4.549880601500484545e+01,4.581418867145335128e+01,7.196728005020021316e-11
4.581418867145335128e+01,4.613175745603795264e+01,6.498650919971710531e-11
4.613175745603795264e+01,4.645152752227497217e+01,5.863997789853902527e-11
4.645152752227497217e+01,4.677351412871981040e+01,5.287430278986941219e-11
4.677351412871981040e+01,4.709773263969529467e+01,4.764019838224736755e-11
4.709773263969529467e+01,4.742419852602448316e+01,4.289219662938567668e-11
4.742419852602448316e+01,4.775292736576911778e+01,3.858838371687537642e-11
4.775292736576911778e+01,4.808393484497284476e+01,3.469015167518001167e-11
4.808393484497284476e+01,4.841723675840994190e+01,3.116196540309416856e-11
4.841723675840994190e+01,4.875284901033865026e+01,2.797114351993764003e-11
4.875284901033865026e+01,4.909078761526028956e+01,2.508765281109900246e-11
4.909078761526028956e+01,4.943106869868353925e+01,2.248391540594887087e-11
4.943106869868353925e+01,4.977370849789360818e+01,2.013462822002284899e-11
4.977370849789360818e+01,5.011872336272725192e+01,1.801659390756540146e-11
5.011872336272725192e+01,5.046612975635281373e+01,1.610856271394339637e-11
5.046612975635281373e+01,5.081594425605604926e+01,1.439108478706953453e-11
5.081594425605604926e+01,5.116818355403078300e+01,1.284637218789881856e-11
5.116818355403078300e+01,5.152286445817566829e+01,1.145817030236316172e-11
5.152286445817566829e+01,5.188000389289609160e+01,1.021163800951736075e-11
5.188000389289609160e+01,5.223961889991197438e+01,9.093235861433354811e-12
5.223961889991197438e+01,5.260172663907062685e+01,8.090622387320526725e-12
5.260172663907062685e+01,5.296634438916580478e+01,7.192557576439823788e-12
5.296634438916580478e+01,5.333348954876208126e+01,6.388813228542937308e-12
5.333348954876208126e+01,5.370317963702527209e+01,5.670089839935052139e-12
5.370317963702527209e+01,5.407543229455809808e+01,5.027939544518900750e-12
5.407543229455809808e+01,5.445026528424214263e+01,4.454694758122472348e-12
5.445026528424214263e+01,5.482769649208535867e+01,3.943402179682841490e-12
5.482769649208535867e+01,5.520774392807573605e+01,3.487761771225842132e-12
5.520774392807573605e+01,5.559042572704036900e+01,3.082070427312726569e-12
5.559042572704036900e+01,5.597576014951104639e+01,2.721170000232454116e-12
5.597576014951104639e+01,5.636376558259542691e+01,2.400399397687012981e-12
5.636376558259542691e+01,5.675446054085471559e+01,2.115550478765940555e-12
5.675446054085471559e+01,5.714786366718671928e+01,1.862827478118144365e-12
5.714786366718671928e+01,5.754399373371572324e+01,1.638809719124354158e-12
5.754399373371572324e+01,5.794286964268808759e+01,1.440417379052027973e-12
5.794286964268808759e+01,5.834451042737448034e+01,1.264880086920900272e-12
5.834451042737448034e+01,5.874893525297768804e+01,1.109708149769799701e-12
5.874893525297768804e+01,5.915616341754742535e+01,9.726662112694514756e-13
5.915616341754742535e+01,5.956621435290103506e+01,8.517491618642940307e-13
5.956621435290103506e+01,5.997910762555094522e+01,7.451601299768342393e-13
5.997910762555094522e+01,6.039486293763800262e+01,6.512903939908432175e-13
6.039486293763800262e+01,6.081350012787182635e+01,5.687010662893234713e-13
6.081350012787182635e+01,6.123503917247733597e+01,4.961064097848092676e-13
6.123503917247733597e+01,6.165950018614822170e+01,4.323586567177001759e-13
6.165950018614822170e+01,6.208690342300637610e+01,3.764342087480374843e-13
6.208690342300637610e+01,6.251726927756861585e+01,3.274211054907703913e-13
6.251726927756861585e+01,6.295061828571974871e+01,2.845076566097344330e-13
6.295061828571974871e+01,6.338697112569270331e+01,2.469721402147800413e-13
6.338697112569270331e+01,6.382634861905489032e+01,2.141734772841206208e-13
6.382634861905489032e+01,6.426877173170200308e+01,1.855427984893371582e-13
6.426877173170200308e+01,6.471426157485831254e+01,1.605758261115247019e-13
6.471426157485831254e+01,6.516283940608427372e+01,1.388259995841842107e-13
6.516283940608427372e+01,6.561452663029056964e+01,1.198982787011081379e-13
6.561452663029056964e+01,6.606934480075958049e+01,1.034435637035675677e-13
6.606934480075958049e+01,6.652731562017412159e+01,8.915367627628170556e-14
6.652731562017412159e+01,6.698846094165264731e+01,7.675684998108376399e-14
6.698846094165264731e+01,6.745280276979222833e+01,6.601368285720337818e-14
6.745280276979222833e+01,6.792036326171843541e+01,5.671350882592589301e-14
6.792036326171843541e+01,6.839116472814292536e+01,4.867114816914979331e-14
6.839116472814292536e+01,6.886522963442762091e+01,4.172400072486663777e-14
6.886522963442762091e+01,6.934258060165694815e+01,3.572944857136226129e-14
6.934258060165694815e+01,6.982324040771710827e+01,3.056253786820263113e-14
6.982324040771710827e+01,7.030723198838333587e+01,2.611391219834710404e-14
7.030723198838333587e+01,7.079457843841380793e+01,2.228797223160929158e-14
7.079457843841380793e+01,7.128530301265197977e+01,1.900123880748374248e-14
7.128530301265197977e+01,7.177942912713615442e+01,1.618089863604264707e-14
7.177942912713615442e+01,7.227698036021702421e+01,1.376351374709577031e-14
7.227698036021702421e+01,7.277798045368241731e+01,1.169387759048208183e-14
7.277798045368241731e+01,7.328245331389044281e+01,9.924002317112578885e-15
7.328245331389044281e+01,7.379042301291008243e+01,8.412223259635586746e-15
7.379042301291008243e+01,7.430191378967013804e+01,7.122407993716323004e-15
7.430191378967013804e+01,7.481695005111545527e+01,6.023258604791322067e-15
7.481695005111545527e+01,7.533555637337177302e+01,5.087696920049620910e-15
7.533555637337177302e+01,7.585775750291836061e+01,4.292323498459379562e-15
7.585775750291836061e+01,7.638357835776906768e+01,3.616942111560572343e-15
7.638357835776906768e+01,7.691304402866097689e+01,3.044142301268793408e-15
7.691304402866097689e+01,7.744617978025191007e+01,2.558933375177845273e-15
7.744617978025191007e+01,7.798301105232584973e+01,2.148423900858468413e-15
7.798301105232584973e+01,7.852356346100718554e+01,1.801541394924978370e-15
7.852356346100718554e+01,7.906786279998253519e+01,1.508787475130306677e-15
7.906786279998253519e+01,7.961593504173191604e+01,1.262024260573109387e-15
7.961593504173191604e+01,8.016780633876788897e+01,1.054288269998798895e-15
8.016780633876788897e+01,8.072350302488382567e+01,8.796284866486522721e-16
8.072350302488382567e+01,8.128305161640994925e+01,7.329656337678091795e-16
8.128305161640994925e+01,8.184647881347903819e+01,6.099700417679750654e-16
8.184647881347903819e+01,8.241381150130021638e+01,5.069557897168942164e-16
8.241381150130021638e+01,8.298507675144225004e+01,4.207890735778062083e-16
8.298507675144225004e+01,8.356030182312483134e+01,3.488089944724179375e-16
8.356030182312483134e+01,8.413951416451955367e+01,2.887591749830696478e-16
8.413951416451955367e+01,8.472274141405962666e+01,2.387288026875235816e-16
8.472274141405962666e+01,8.531001140175895614e+01,1.971018700745948070e-16
8.531001140175895614e+01,8.590135215053960849e+01,1.625135308523416836e-16
8.590135215053960849e+01,8.649679187756937893e+01,1.338126263795158190e-16
8.649679187756937893e+01,8.709635899560805683e+01,1.100295542993088741e-16
8.709635899560805683e+01,8.770008211436348233e+01,9.034875604167194808e-17
8.770008211436348233e+01,8.830799004185631418e+01,7.408519214921963932e-17
8.830799004185631418e+01,8.892011178579481623e+01,6.066425569539394775e-17
8.892011178579481623e+01,8.953647655495937840e+01,4.960464559953142514e-17
8.953647655495937840e+01,9.015711376059570625e+01,4.050378448147065343e-17
9.015711376059570625e+01,9.078205301781861181e+01,3.302542081254055842e-17
9.078205301781861181e+01,9.141132414702499887e+01,2.688910338496814286e-17
9.141132414702499887e+01,9.204495717531712273e+01,2.186125832424392154e-17
9.204495717531712273e+01,9.268298233793494489e+01,1.774763571340593063e-17
9.268298233793494489e+01,9.332543007969914584e+01,1.438692501458544977e-17
9.332543007969914584e+01,9.397233105646375861e+01,1.164536642473380406e-17
9.397233105646375861e+01,9.462371613657930425e+01,9.412209590970361708e-18
9.462371613657930425e+01,9.527961640236520680e+01,7.595892183343405247e-18
9.527961640236520680e+01,9.594006315159336395e+01,6.120829075714108082e-18
9.594006315159336395e+01,9.660508789898130999e+01,4.924718671157707600e-18
9.660508789898130999e+01,9.727472237769650576e+01,3.956286538196048700e-18
9.727472237769650576e+01,9.794899854086990842e+01,3.173398273897277798e-18
9.794899854086990842e+01,9.862794856312109459e+01,2.541483622297315178e-18
9.862794856312109459e+01,9.931160484209334527e+01,2.032222565723742990e-18
9.931160484209334527e+01,1.000000000000000000e+02,1.622451560552706187e-18
